Item Title,Publication Title,Book Series Title,Journal Volume,Journal Issue,Item DOI,Authors,Publication Year,URL,Content Type
"Music Recommender Systems","Recommender Systems Handbook","","","","10.1007/978-1-4899-7637-6_13","Markus SchedlPeter KneesBrian McFeeDmitry BogdanovMarius Kaminskas","2015","http://link.springer.com/chapter/10.1007/978-1-4899-7637-6_13","Chapter"
"Learning to embed music and metadata for context-aware music recommendation","World Wide Web","","21","5","10.1007/s11280-017-0521-6","Dongjing WangShuiguang DengXin ZhangGuandong Xu","2018","http://link.springer.com/article/10.1007/s11280-017-0521-6","Article"
"A Personalized and Context Aware Music Recommendation System","Social Computing and Social Media. Participation, User Experience, Consumer Experience,  and Applications of Social Computing","","","","10.1007/978-3-030-49576-3_45","Champika H. P. D. WishwanathSupuni N. WeerasingheKanishka H. IllandaraA. S. T. M. R. D. S. KadigamuwaSupunmali Ahangama","2020","http://link.springer.com/chapter/10.1007/978-3-030-49576-3_45","Chapter"
"Listener-Centered Data Sources and Aspects: Traces of Music Interaction","Music Similarity and Retrieval","","","","10.1007/978-3-662-49722-7_7","Peter KneesMarkus Schedl","2016","http://link.springer.com/chapter/10.1007/978-3-662-49722-7_7","Chapter"
"Improving music recommendation by incorporating social influence","Multimedia Tools and Applications","","78","3","10.1007/s11042-018-5745-7","Jinpeng ChenPinguang YingMing Zou","2019","http://link.springer.com/article/10.1007/s11042-018-5745-7","Article"
"Music Playlist Recommendation with Long Short-Term Memory","Database Systems for Advanced Applications","","","","10.1007/978-3-030-18579-4_25","Huiping YangYan ZhaoJinfu XiaBin YaoMin ZhangKai Zheng","2019","http://link.springer.com/chapter/10.1007/978-3-030-18579-4_25","Chapter"
"User models for multi-context-aware music recommendation","Multimedia Tools and Applications","","","","10.1007/s11042-020-09890-7","Martin PichlEva Zangerle","2020","http://link.springer.com/article/10.1007/s11042-020-09890-7","Article"
"A Mobile-Based System for Context-Aware Music Recommendations","Artificial Intelligence Applications and Innovations","","","","10.1007/978-3-642-33412-2_53","Börje F. KarlssonKarla OkadaTomaz Noleto","2012","http://link.springer.com/chapter/10.1007/978-3-642-33412-2_53","Chapter"
"Collaborative Music Similarity and Recommendation","Music Similarity and Retrieval","","","","10.1007/978-3-662-49722-7_8","Peter KneesMarkus Schedl","2016","http://link.springer.com/chapter/10.1007/978-3-662-49722-7_8","Chapter"
"Exploring playlist titles for cold-start music recommendation: an effectiveness analysis","Journal of Ambient Intelligence and Humanized Computing","","","","10.1007/s12652-020-02777-3","Ali YürekliAlper BilgeCihan Kaleli","2021","http://link.springer.com/article/10.1007/s12652-020-02777-3","Article"
"Current challenges and visions in music recommender systems research","International Journal of Multimedia Information Retrieval","","7","2","10.1007/s13735-018-0154-2","Markus SchedlHamed ZamaniChing-Wei ChenYashar DeldjooMehdi Elahi","2018","http://link.springer.com/article/10.1007/s13735-018-0154-2","Article"
"AmbiTune: Bringing Context-Awareness to Music Playlists while Driving","Advancing the Impact of Design Science: Moving from Theory to Practice","","","","10.1007/978-3-319-06701-8_32","Patrick HelmholzSebastian VetterSusanne Robra-Bissantz","2014","http://link.springer.com/chapter/10.1007/978-3-319-06701-8_32","Chapter"
"Preference-Aware Music Recommendation Using Song Lyrics","Big Data Applications and Services 2017","","","","10.1007/978-981-13-0695-2_18","Sein JangBattulga LkhagvadorjAziz Nasridinov","2019","http://link.springer.com/chapter/10.1007/978-981-13-0695-2_18","Chapter"
"Effects of recommendations on the playlist creation behavior of users","User Modeling and User-Adapted Interaction","","30","2","10.1007/s11257-019-09237-4","Iman KamehkhoshGeoffray BonninDietmar Jannach","2020","http://link.springer.com/article/10.1007/s11257-019-09237-4","Article"
"Leveraging Social Media Sources to Generate Personalized Music Playlists","E-Commerce and Web Technologies","","","","10.1007/978-3-642-32273-0_10","Cataldo MustoGiovanni SemeraroPasquale LopsMarco de GemmisFedelucio Narducci","2012","http://link.springer.com/chapter/10.1007/978-3-642-32273-0_10","Chapter"
"Music Recommendation","Music Recommendation and Discovery","","","","10.1007/978-3-642-13287-2_3","Òscar Celma","2010","http://link.springer.com/chapter/10.1007/978-3-642-13287-2_3","Chapter"
"Order, context and popularity bias in next-song recommendations","International Journal of Multimedia Information Retrieval","","8","2","10.1007/s13735-019-00169-8","Andreu VallMassimo QuadranaMarkus SchedlGerhard Widmer","2019","http://link.springer.com/article/10.1007/s13735-019-00169-8","Article"
"Context-Aware Music Recommendation with Serendipity Using Semantic Relations","Semantic Technology","","","","10.1007/978-3-319-06826-8_2","Mian WangTakahiro KawamuraYuichi SeiHiroyuki NakagawaYasuyuki TaharaAkihiko Ohsuga","2014","http://link.springer.com/chapter/10.1007/978-3-319-06826-8_2","Chapter"
"Personalization in Multimodal Music Retrieval","Adaptive Multimedia Retrieval. Large-Scale Multimedia Retrieval and Evaluation","","","","10.1007/978-3-642-37425-8_5","Markus SchedlPeter Knees","2013","http://link.springer.com/chapter/10.1007/978-3-642-37425-8_5","Chapter"
"Improving Context-Aware Music Recommender Systems with a Dual Recurrent Neural Network","Information Management and Big Data","","","","10.1007/978-3-030-76228-5_22","Igor André Pegoraro SantanaMarcos Aurélio Domingues","2021","http://link.springer.com/chapter/10.1007/978-3-030-76228-5_22","Chapter"
"Proposal of Context-Aware Music Recommender System Using Negative Sampling","Advances in Artificial Intelligence","","","","10.1007/978-3-030-39878-1_11","Jin-cheng ZhangYasufumi Takama","2020","http://link.springer.com/chapter/10.1007/978-3-030-39878-1_11","Chapter"
"Context-Aware Music Recommender System Based on Automatic Detection of the User’s Physical Activity","Distributed Computing and Artificial Intelligence, 17th International Conference","","","","10.1007/978-3-030-53036-5_15","Alejandra Ospina-BohórquezAna B. Gil-GonzálezMaría N. Moreno-GarcíaAna de Luis-Reboredo","2021","http://link.springer.com/chapter/10.1007/978-3-030-53036-5_15","Chapter"
"The neglected user in music information retrieval research","Journal of Intelligent Information Systems","","41","3","10.1007/s10844-013-0247-6","Markus SchedlArthur FlexerJulián Urbano","2013","http://link.springer.com/article/10.1007/s10844-013-0247-6","Article"
"Situation awareness for recommender systems","Electronic Commerce Research","","20","4","10.1007/s10660-018-9321-z","Christian RichthammerGünther Pernul","2020","http://link.springer.com/article/10.1007/s10660-018-9321-z","Article"
"Location-aware music recommendation","International Journal of Multimedia Information Retrieval","","2","1","10.1007/s13735-012-0032-2","Matthias BraunhoferMarius KaminskasFrancesco Ricci","2013","http://link.springer.com/article/10.1007/s13735-012-0032-2","Article"
"Exploiting Social Media for Music Information Retrieval","Social Media Retrieval","","","","10.1007/978-1-4471-4555-4_20","Markus Schedl","2013","http://link.springer.com/chapter/10.1007/978-1-4471-4555-4_20","Chapter"
"A Web System Based on Spotify for the automatic generation of affective playlists","Cloud Computing, Big Data & Emerging Topics","","","","10.1007/978-3-030-61218-4_9","Pedro ÁlvarezJorge García de QuirósSandra Baldassarri","2020","http://link.springer.com/chapter/10.1007/978-3-030-61218-4_9","Chapter"
"Sequence-based context-aware music recommendation","Information Retrieval Journal","","21","2 - 3","10.1007/s10791-017-9317-7","Dongjing WangShuiguang DengGuandong Xu","2018","http://link.springer.com/article/10.1007/s10791-017-9317-7","Article"
"Music emotion classification and context-based music recommendation","Multimedia Tools and Applications","","47","3","10.1007/s11042-009-0332-6","Byeong-jun HanSeungmin RhoSanghoon JunEenjun Hwang","2010","http://link.springer.com/article/10.1007/s11042-009-0332-6","Article"
"Exploiting the Importance of Personalization When Selecting Music for Relaxation","MultiMedia Modeling","","","","10.1007/978-3-030-37731-1_5","Daniel MéloNazareno Andrade","2020","http://link.springer.com/chapter/10.1007/978-3-030-37731-1_5","Chapter"
"Listener-Aware Music Recommendation from Sensor and Social Media Data","Machine Learning and Knowledge Discovery in Databases","","","","10.1007/978-3-319-23461-8_16","Markus Schedl","2015","http://link.springer.com/chapter/10.1007/978-3-319-23461-8_16","Chapter"
"Music recommender using deep embedding-based features and behavior-based reinforcement learning","Multimedia Tools and Applications","","","","10.1007/s11042-019-08356-9","Jia-Wei ChangChing-Yi ChiouJia-Yi LiaoYing-Kai HungChien-Che HuangKuan-Cheng LinYing-Hung Pu","2019","http://link.springer.com/article/10.1007/s11042-019-08356-9","Article"
"How does context influence music preferences: a user-based study of the effects of contextual information on users’ preferred music","Multimedia Systems","","27","2","10.1007/s00530-020-00717-x","Imen Ben SassiSadok Ben Yahia","2021","http://link.springer.com/article/10.1007/s00530-020-00717-x","Article"
"Generating Music Playlists with Hierarchical Clustering and Q-Learning","Advances in Information Retrieval","","","","10.1007/978-3-319-16354-3_34","James KingVaiva Imbrasaitė","2015","http://link.springer.com/chapter/10.1007/978-3-319-16354-3_34","Chapter"
"Towards context-sensitive collaborative media recommender system","Multimedia Tools and Applications","","74","24","10.1007/s11042-014-2236-3","Mohammed F. AlhamidMajdi RawashdehHussein Al OsmanM. Shamim HossainAbdulmotaleb El Saddik","2015","http://link.springer.com/article/10.1007/s11042-014-2236-3","Article"
"Mood-Based On-Car Music Recommendations","Industrial Networks and Intelligent Systems","","","","10.1007/978-3-319-52569-3_14","Erion ÇanoRiccardo CoppolaEleonora GargiuloMarco MarengoMaurizio Morisio","2017","http://link.springer.com/chapter/10.1007/978-3-319-52569-3_14","Chapter"
"Related Work and a Taxonomy of Musical Intelligence Tasks","Sequential Decision-Making in Musical Intelligence","","","","10.1007/978-3-030-30519-2_8","Elad Liebman","2020","http://link.springer.com/chapter/10.1007/978-3-030-30519-2_8","Chapter"
"Music Recommendation Systems: A Survey","Recommender Systems for Medicine and Music","","","","10.1007/978-3-030-66450-3_7","Mariusz KlećAlicja Wieczorkowska","2021","http://link.springer.com/chapter/10.1007/978-3-030-66450-3_7","Chapter"
"Recommending Based on Implicit Feedback","Social Information Access","","","","10.1007/978-3-319-90092-6_14","Dietmar JannachLukas LercheMarkus Zanker","2018","http://link.springer.com/chapter/10.1007/978-3-319-90092-6_14","Chapter"
"Adaptive music retrieval–a state of the art","Multimedia Tools and Applications","","65","3","10.1007/s11042-012-1042-z","Sebastian StoberAndreas Nürnberger","2013","http://link.springer.com/article/10.1007/s11042-012-1042-z","Article"
"Effects of personal characteristics in control-oriented user interfaces for music recommender systems","User Modeling and User-Adapted Interaction","","30","2","10.1007/s11257-019-09247-2","Yucheng JinNava TintarevNyi Nyi HtunKatrien Verbert","2020","http://link.springer.com/article/10.1007/s11257-019-09247-2","Article"
"MusicRoBot: Towards Conversational Context-Aware Music Recommender System","Database Systems for Advanced Applications","","","","10.1007/978-3-319-91458-9_55","Chunyi ZhouYuanyuan JinKai ZhangJiahao YuanShengyuan LiXiaoling Wang","2018","http://link.springer.com/chapter/10.1007/978-3-319-91458-9_55","Chapter"
"An investigation on the user interaction modes of conversational recommender systems for the music domain","User Modeling and User-Adapted Interaction","","30","2","10.1007/s11257-019-09250-7","Fedelucio NarducciPierpaolo BasileMarco de GemmisPasquale LopsGiovanni Semeraro","2020","http://link.springer.com/article/10.1007/s11257-019-09250-7","Article"
"An emotion-aware music recommender system: bridging the user’s interaction and music recommendation","Multimedia Tools and Applications","","80","9","10.1007/s11042-020-10386-7","Saba Yousefian JaziMarjan KaediAfsaneh Fatemi","2021","http://link.springer.com/article/10.1007/s11042-020-10386-7","Article"
"Understanding item consumption orders for right-order next-item recommendation","Knowledge and Information Systems","","57","1","10.1007/s10115-017-1122-5","Jun ChenXuecheng WangChaokun Wang","2018","http://link.springer.com/article/10.1007/s10115-017-1122-5","Article"
"Bipartite graph link prediction method with homogeneous nodes similarity for music recommendation","Multimedia Tools and Applications","","79","19 - 20","10.1007/s11042-019-08451-x","Lingling ZhangMinghui ZhaoDaozhen Zhao","2020","http://link.springer.com/article/10.1007/s11042-019-08451-x","Article"
"InCloud: a cloud-based middleware for vehicular infotainment systems","Multimedia Tools and Applications","","76","9","10.1007/s11042-015-3158-4","Mukesh SainiKazi Masudul AlamHaolin GuoAbdulhameed AlelaiwiAbdulmotaleb El Saddik","2017","http://link.springer.com/article/10.1007/s11042-015-3158-4","Article"
"Location-Aware Music Artist Recommendation","MultiMedia Modeling","","","","10.1007/978-3-319-04117-9_19","Markus SchedlDominik Schnitzer","2014","http://link.springer.com/chapter/10.1007/978-3-319-04117-9_19","Chapter"
"Recommending Music Curators: A Neural Style-Aware Approach","Advances in Information Retrieval","","","","10.1007/978-3-030-45439-5_13","Jianling WangJames Caverlee","2020","http://link.springer.com/chapter/10.1007/978-3-030-45439-5_13","Chapter"
"InCarMusic: Context-Aware Music Recommendations in a Car","E-Commerce and Web Technologies","","","","10.1007/978-3-642-23014-1_8","Linas BaltrunasMarius KaminskasBernd LudwigOmar MolingFrancesco RicciAykan AydinKarl-Heinz LükeRoland Schwaiger","2011","http://link.springer.com/chapter/10.1007/978-3-642-23014-1_8","Chapter"
"Evaluating Mobile Music Experiences: Radio On-the-Go","Mobile Computing, Applications, and Services","","","","10.1007/978-3-319-90740-6_4","Anupriya AnkolekarThomas SandholmLouis Lei Yu","2018","http://link.springer.com/chapter/10.1007/978-3-319-90740-6_4","Chapter"
"Iron Maiden While Jogging, Debussy for Dinner?","MultiMedia Modeling","","","","10.1007/978-3-319-14442-9_44","Michael GillhoferMarkus Schedl","2015","http://link.springer.com/chapter/10.1007/978-3-319-14442-9_44","Chapter"
"A Music Recommendation System Based on Acoustic Features and User Personalities","Trends and Applications in Knowledge Discovery and Data Mining","","","","10.1007/978-3-319-42996-0_17","Rui ChengBoyang Tang","2016","http://link.springer.com/chapter/10.1007/978-3-319-42996-0_17","Chapter"
"Investigating country-specific music preferences and music recommendation algorithms with the LFM-1b dataset","International Journal of Multimedia Information Retrieval","","6","1","10.1007/s13735-017-0118-y","Markus Schedl","2017","http://link.springer.com/article/10.1007/s13735-017-0118-y","Article"
"Session-aware music recommendation via a generative model approach","Soft Computing","","22","3","10.1007/s00500-016-2407-4","Zhao-quan CaiHui Hu","2018","http://link.springer.com/article/10.1007/s00500-016-2407-4","Article"
"GEMRec: A Graph-Based Emotion-Aware Music Recommendation Approach","Web Information Systems Engineering – WISE 2016","","","","10.1007/978-3-319-48740-3_7","Dongjing WangShuiguang DengGuandong Xu","2016","http://link.springer.com/chapter/10.1007/978-3-319-48740-3_7","Chapter"
"Semantic Context-Aware Recommendation via Topic Models Leveraging Linked Open Data","Web Information Systems Engineering – WISE 2016","","","","10.1007/978-3-319-48740-3_19","Mehdi AllahyariKrys Kochut","2016","http://link.springer.com/chapter/10.1007/978-3-319-48740-3_19","Chapter"
"Conclusions and Further Research","Music Recommendation and Discovery","","","","10.1007/978-3-642-13287-2_9","Òscar Celma","2010","http://link.springer.com/chapter/10.1007/978-3-642-13287-2_9","Chapter"
"Knowledge Management Techniques in Emotion-Based Music Recommendation Systems","Business Intelligence and Modelling","","","","10.1007/978-3-030-57065-1_43","Catherine MarinagiParis NtsounosJohn Darryl PelingoChristos SkourlasAnastasios Tsolakidis","2021","http://link.springer.com/chapter/10.1007/978-3-030-57065-1_43","Chapter"
"User-Based Context Modeling for Music Recommender Systems","Foundations of Intelligent Systems","","","","10.1007/978-3-319-60438-1_16","Imen Ben SassiSadok Ben YahiaSehl Mellouli","2017","http://link.springer.com/chapter/10.1007/978-3-319-60438-1_16","Chapter"
"iMusic: a session-sensitive clustered classical music recommender system using contextual representation learning","Multimedia Tools and Applications","","79","33 - 34","10.1007/s11042-020-09126-8","Samarjit RoyMousumi BiswasDebashis De","2020","http://link.springer.com/article/10.1007/s11042-020-09126-8","Article"
"Efficient music recommender system using context graph and particle swarm","Multimedia Tools and Applications","","77","2","10.1007/s11042-017-4447-x","Rahul KataryaOm Prakash Verma","2018","http://link.springer.com/article/10.1007/s11042-017-4447-x","Article"
"Exploiting Contextual Information from Event Logs for Personalized Recommendation","Computer and Information Science 2010","","","","10.1007/978-3-642-15405-8_11","Dongjoo LeeSung Eun ParkMinsuk KahngSangkeun LeeSang-goo Lee","2010","http://link.springer.com/chapter/10.1007/978-3-642-15405-8_11","Chapter"
"Recommending More Suitable Music Based on Users’ Real Context","Collaborative Computing: Networking, Applications and Worksharing","","","","10.1007/978-3-030-12981-1_8","Qing YangLe ZhanLi HanJingwei ZhangZhongqin Bi","2019","http://link.springer.com/chapter/10.1007/978-3-030-12981-1_8","Chapter"
"Inferring User Expertise from Social Tagging in Music Recommender Systems for Streaming Services","Hybrid Artificial Intelligent Systems","","","","10.1007/978-3-319-92639-1_4","Diego Sánchez-MorenoMaría N. Moreno-GarcíaNasim SonboliBamshad MobasherRobin Burke","2018","http://link.springer.com/chapter/10.1007/978-3-319-92639-1_4","Chapter"
"Illuminating Recommendation by Understanding the Explicit Item Relations","Journal of Computer Science and Technology","","33","4","10.1007/s11390-018-1853-0","Qi LiuHong-Ke ZhaoLe WuZhi LiEn-Hong Chen","2018","http://link.springer.com/article/10.1007/s11390-018-1853-0","Article"
"Location-Adapted Music Recommendation Using Tags","User Modeling, Adaption and Personalization","","","","10.1007/978-3-642-22362-4_16","Marius KaminskasFrancesco Ricci","2011","http://link.springer.com/chapter/10.1007/978-3-642-22362-4_16","Chapter"
"Context-Aware Recommender Systems","Recommender Systems Handbook","","","","10.1007/978-1-4899-7637-6_6","Gediminas AdomaviciusAlexander Tuzhilin","2015","http://link.springer.com/chapter/10.1007/978-1-4899-7637-6_6","Chapter"
"RecAm: a collaborative context-aware framework for multimedia recommendations in an ambient intelligence environment","Multimedia Systems","","22","5","10.1007/s00530-015-0469-2","Mohammed F. AlhamidMajdi RawashdehHaiwei DongM. Anwar HossainAbdulhameed AlelaiwiAbdulmotaleb El Saddik","2016","http://link.springer.com/article/10.1007/s00530-015-0469-2","Article"
"Group Recommender Applications","Group Recommender Systems","","","","10.1007/978-3-319-75067-5_4","Alexander FelfernigLudovico BorattoMartin StettingerMarko Tkalčič","2018","http://link.springer.com/chapter/10.1007/978-3-319-75067-5_4","Chapter"
"Time-aware recommender systems: a comprehensive survey and analysis of existing evaluation protocols","User Modeling and User-Adapted Interaction","","24","1 - 2","10.1007/s11257-012-9136-x","Pedro G. CamposFernando DíezIván Cantador","2014","http://link.springer.com/article/10.1007/s11257-012-9136-x","Article"
"Serendipity in Recommender Systems: A Systematic Literature Review","Journal of Computer Science and Technology","","36","2","10.1007/s11390-020-0135-9","Reza Jafari ZiaraniReza Ravanmehr","2021","http://link.springer.com/article/10.1007/s11390-020-0135-9","Article"
"Hybrid Music Recommendation System Based on Temporal Effects","Intelligent Computing and Communication","","","","10.1007/978-981-15-1084-7_55","Foram ShahMadhavi DesaiSupriya PatiVipul Mistry","2020","http://link.springer.com/chapter/10.1007/978-981-15-1084-7_55","Chapter"
"Context-aware media recommendations for smart devices","Journal of Ambient Intelligence and Humanized Computing","","6","1","10.1007/s12652-014-0234-y","Abayomi Moradeyo OtebolakuMaria Teresa Andrade","2015","http://link.springer.com/article/10.1007/s12652-014-0234-y","Article"
"A user-centric evaluation of context-aware recommendations for a mobile news service","Multimedia Tools and Applications","","75","6","10.1007/s11042-014-2437-9","Toon De PessemierCédric CourtoisKris VanheckeKristin Van DammeLuc MartensLieven De Marez","2016","http://link.springer.com/article/10.1007/s11042-014-2437-9","Article"
"Context-Aware Recommender Systems","Recommender Systems Handbook","","","","10.1007/978-0-387-85820-3_7","Gediminas AdomaviciusAlexander Tuzhilin","2011","http://link.springer.com/chapter/10.1007/978-0-387-85820-3_7","Chapter"
"Fast ALS-Based Tensor Factorization for Context-Aware Recommendation from Implicit Feedback","Machine Learning and Knowledge Discovery in Databases","","","","10.1007/978-3-642-33486-3_5","Balázs HidasiDomonkos Tikk","2012","http://link.springer.com/chapter/10.1007/978-3-642-33486-3_5","Chapter"
"A Context-Aware Framework for Media Recommendation on Smartphones","ECUMICT 2014","","","","10.1007/978-3-319-05440-7_8","Abayomi M. OtebolakuMaria T. Andrade","2014","http://link.springer.com/chapter/10.1007/978-3-319-05440-7_8","Chapter"
"Emotion-Based Matching of Music to Places","Emotions and Personality in Personalized Services","","","","10.1007/978-3-319-31413-6_14","Marius KaminskasFrancesco Ricci","2016","http://link.springer.com/chapter/10.1007/978-3-319-31413-6_14","Chapter"
"OUTMedia – Symbiotic Service for Music Discovery in Urban Augmented Reality","Symbiotic Interaction","","","","10.1007/978-3-319-13500-7_5","Pirkka ÅmanLassi A. LiikkanenGiulio JacucciAtte Hinkka","2014","http://link.springer.com/chapter/10.1007/978-3-319-13500-7_5","Chapter"
"Machine Learning-Based Adaptive Wireless Interval Training Guidance System","Mobile Networks and Applications","","17","2","10.1007/s11036-011-0331-5","Myung-kyung SuhAni NahapetianJonathan WoodbridgeMahsan RofoueiMajid Sarrafzadeh","2012","http://link.springer.com/article/10.1007/s11036-011-0331-5","Article"
"The Principle of Sharpening (I): Filtering. Cosmos Out of Chaos—Aspects and Elements of the Musical Materials","Music and Fuzzy Logic","","","","10.1007/978-3-662-62907-9_5","Hanns-Werner Heister","2021","http://link.springer.com/chapter/10.1007/978-3-662-62907-9_5","Chapter"
"Usability Assessment of a Context-Aware and Personality-Based Mobile Recommender System","E-Commerce and Web Technologies","","","","10.1007/978-3-319-10491-1_9","Matthias BraunhoferMehdi ElahiFrancesco Ricci","2014","http://link.springer.com/chapter/10.1007/978-3-319-10491-1_9","Chapter"
"Implementing situation-aware and user-adaptive music recommendation service in semantic web and real-time multimedia computing environment","Multimedia Tools and Applications","","65","2","10.1007/s11042-011-0803-4","Seungmin RhoSeheon SongYunyoung NamEenjun HwangMinkoo Kim","2013","http://link.springer.com/article/10.1007/s11042-011-0803-4","Article"
"A Contextual Modeling Approach for Model-Based Recommender Systems","Advances in Artificial Intelligence","","","","10.1007/978-3-642-40643-0_5","Ignacio Fernández-TobíasPedro G. CamposIván CantadorFernando Díez","2013","http://link.springer.com/chapter/10.1007/978-3-642-40643-0_5","Chapter"
"A Context-Aware Recommender System with a Cognition Inspired Model","Rough Sets and Knowledge Technology","","","","10.1007/978-3-319-11740-9_56","Liangliang ZhaoJiajin HuangNing Zhong","2014","http://link.springer.com/chapter/10.1007/978-3-319-11740-9_56","Chapter"
"Weighted Percentile-Based Context-Aware Recommender System","Applications of Artificial Intelligence Techniques in Engineering","","","","10.1007/978-981-13-1822-1_35","Veer Sain DixitParul Jain","2019","http://link.springer.com/chapter/10.1007/978-981-13-1822-1_35","Chapter"
"Effective Bitmap Indexing for Non-metric Similarities","Database and Expert Systems Applications","","","","10.1007/978-3-642-15364-8_10","Claus A. JensenEster M. MungureTorben Bach PedersenKenneth SørensenFrançois Deliège","2010","http://link.springer.com/chapter/10.1007/978-3-642-15364-8_10","Chapter"
"A Personalized and Context-Aware News Offer for Mobile Devices","Web Information Systems and Technologies","","","","10.1007/978-3-319-30996-5_8","Toon De PessemierKris VanheckeLuc Martens","2016","http://link.springer.com/chapter/10.1007/978-3-319-30996-5_8","Chapter"
"Introduction","Sequential Decision-Making in Musical Intelligence","","","","10.1007/978-3-030-30519-2_1","Elad Liebman","2020","http://link.springer.com/chapter/10.1007/978-3-030-30519-2_1","Chapter"
"StudyAdvisor: A Context-Aware Recommendation Application in e-Learning Environment","Advanced Approaches to Intelligent Information and Database Systems","","","","10.1007/978-3-319-05503-9_12","Phung DoHiep LeVu Thanh NguyenTran Nam Dung","2014","http://link.springer.com/chapter/10.1007/978-3-319-05503-9_12","Chapter"
"Context-aware recommendations through context and activity recognition in a mobile environment","Multimedia Tools and Applications","","72","3","10.1007/s11042-013-1582-x","Toon De PessemierSimon DoomsLuc Martens","2014","http://link.springer.com/article/10.1007/s11042-013-1582-x","Article"
"Melody-Based Approaches in Music Retrieval and Recommendation Systems","Multimedia Services in Intelligent Environments","","","","10.1007/978-3-319-00375-7_9","Bartłomiej StasiakMateusz Papiernik","2013","http://link.springer.com/chapter/10.1007/978-3-319-00375-7_9","Chapter"
"Time-Aware Novelty Metrics for Recommender Systems","Advances in Information Retrieval","","","","10.1007/978-3-319-76941-7_27","Pablo SánchezAlejandro Bellogín","2018","http://link.springer.com/chapter/10.1007/978-3-319-76941-7_27","Chapter"
"Towards Intention, Contextual and Social Based Recommender System","Advanced Approaches to Intelligent Information and Database Systems","","","","10.1007/978-3-319-05503-9_1","Romain Picot-ClémenteCécile BothorelPhilippe Lenca","2014","http://link.springer.com/chapter/10.1007/978-3-319-05503-9_1","Chapter"
"Speeding up ALS learning via approximate methods for context-aware recommendations","Knowledge and Information Systems","","47","1","10.1007/s10115-015-0863-2","Balázs HidasiDomonkos Tikk","2016","http://link.springer.com/article/10.1007/s10115-015-0863-2","Article"
"AdPriRec: A Context-Aware Recommender System for User Privacy in MANET Services","Ubiquitous Intelligence and Computing","","","","10.1007/978-3-642-23641-9_25","Zheng YanPeng Zhang","2011","http://link.springer.com/chapter/10.1007/978-3-642-23641-9_25","Chapter"
"Context-Aware Personalized POI Sequence Recommendation","Smart City and Informatization","","","","10.1007/978-981-15-1301-5_16","Jing ChenWenjun Jiang","2019","http://link.springer.com/chapter/10.1007/978-981-15-1301-5_16","Chapter"
"Context relevance assessment and exploitation in mobile recommender systems","Personal and Ubiquitous Computing","","16","5","10.1007/s00779-011-0417-x","Linas BaltrunasBernd LudwigStefan PeerFrancesco Ricci","2012","http://link.springer.com/article/10.1007/s00779-011-0417-x","Article"
"Knowledge Organization and the Conceptual Basis for Building Classification Systems for Complex Documents: An Application on the Brazilian Popular Song Domain","Advanced Information Systems Engineering Workshops","","","","10.1007/978-3-642-38490-5_33","Rodrigo De Santis","2013","http://link.springer.com/chapter/10.1007/978-3-642-38490-5_33","Chapter"
"Exploiting the Semantic Similarity of Contextual Situations for Pre-filtering Recommendation","User Modeling, Adaptation, and Personalization","","","","10.1007/978-3-642-38844-6_14","Victor CodinaFrancesco RicciLuigi Ceccaroni","2013","http://link.springer.com/chapter/10.1007/978-3-642-38844-6_14","Chapter"
"Context-Aware Song Recommendation System","Trends in Communication, Cloud, and Big Data","","","","10.1007/978-981-15-1624-5_16","Sudipta ChakrabartySangeeta BanikMd Ruhul IslamHiren Kumar Deva Sarma","2020","http://link.springer.com/chapter/10.1007/978-981-15-1624-5_16","Chapter"
"One deep music representation to rule them all? A comparative analysis of different representation learning strategies","Neural Computing and Applications","","32","4","10.1007/s00521-019-04076-1","Jaehun KimJulián UrbanoCynthia C. S. LiemAlan Hanjalic","2020","http://link.springer.com/article/10.1007/s00521-019-04076-1","Article"
"Knowledge-based identification of music suited for places of interest","Information Technology & Tourism","","14","1","10.1007/s40558-014-0004-x","Marius KaminskasIgnacio Fernández-TobíasFrancesco RicciIván Cantador","2014","http://link.springer.com/article/10.1007/s40558-014-0004-x","Article"
"Support the underground: characteristics of beyond-mainstream music listeners","EPJ Data Science","","10","1","10.1140/epjds/s13688-021-00268-9","Dominik KowaldPeter MuellnerEva ZangerleChristine BauerMarkus SchedlElisabeth Lex","2021","http://link.springer.com/article/10.1140/epjds/s13688-021-00268-9","Article"
"Incorporating Prior Knowledge into Context-Aware Recommendation","Neural Information Processing","","","","10.1007/978-3-319-46675-0_55","Haitao ZhengXiaoxi Mao","2016","http://link.springer.com/chapter/10.1007/978-3-319-46675-0_55","Chapter"
"Recommendation with Differential Context Weighting","User Modeling, Adaptation, and Personalization","","","","10.1007/978-3-642-38844-6_13","Yong ZhengRobin BurkeBamshad Mobasher","2013","http://link.springer.com/chapter/10.1007/978-3-642-38844-6_13","Chapter"
"Comparison of content-based music recommendation using different distance estimation methods","Applied Intelligence","","38","2","10.1007/s10489-012-0363-y","Ning-Han Liu","2013","http://link.springer.com/article/10.1007/s10489-012-0363-y","Article"
"Situation-Aware Rating Prediction Using Fuzzy Rules","Knowledge Science, Engineering and Management","","","","10.1007/978-3-319-47650-6_17","Rim DridiSaloua ZammaliKhedija Arour","2016","http://link.springer.com/chapter/10.1007/978-3-319-47650-6_17","Chapter"
"An Efficient Context-Aware Music Recommendation Based on Emotion and Time Context","Data Science and Big Data Analytics","","","","10.1007/978-981-10-7641-1_18","C. SelviE. Sivasankar","2019","http://link.springer.com/chapter/10.1007/978-981-10-7641-1_18","Chapter"
"CBPF: Leveraging Context and Content Information for Better Recommendations","Advanced Data Mining and Applications","","","","10.1007/978-3-030-05090-0_32","Zahra Vahidi FerdousiDario ColazzoElsa Negre","2018","http://link.springer.com/chapter/10.1007/978-3-030-05090-0_32","Chapter"
"The New Awareness of Canto-Jazz in the Jazz Arrangement Project","Creative Arts in Education and Culture","","","","10.1007/978-94-007-7729-3_6","Chi Wai Jason Chen","2013","http://link.springer.com/chapter/10.1007/978-94-007-7729-3_6","Chapter"
"An Optimization of Collaborative Filtering Personalized Recommendation Algorithm Based on Time Context Information","Information and Knowledge Management in Complex Systems","","","","10.1007/978-3-319-16274-4_15","Xian JinQin ZhengLily Sun","2015","http://link.springer.com/chapter/10.1007/978-3-319-16274-4_15","Chapter"
"Context-aware tensor decomposition for relation prediction in social networks","Social Network Analysis and Mining","","2","4","10.1007/s13278-012-0069-5","Achim RettingerHendrik WermserYi HuangVolker Tresp","2012","http://link.springer.com/article/10.1007/s13278-012-0069-5","Article"
"User-Centric Evaluation","Music Recommendation and Discovery","","","","10.1007/978-3-642-13287-2_7","Òscar Celma","2010","http://link.springer.com/chapter/10.1007/978-3-642-13287-2_7","Chapter"
"A survey of tag-based information retrieval","International Journal of Multimedia Information Retrieval","","6","2","10.1007/s13735-016-0115-6","Sanghoon LeeMohamed MasoudJanani BalajiSaeid BelkasimRajshekhar SunderramanSeung-Jin Moon","2017","http://link.springer.com/article/10.1007/s13735-016-0115-6","Article"
"Machine learning for music genre: multifaceted review and experimentation with audioset","Journal of Intelligent Information Systems","","55","3","10.1007/s10844-019-00582-9","Jaime RamírezM. Julia Flores","2020","http://link.springer.com/article/10.1007/s10844-019-00582-9","Article"
"An Improved Content-Based Music Recommending Method with Weighted Tags","MultiMedia Modeling","","","","10.1007/978-3-319-14445-0_31","Lu DingNing ZhengJiang XuMing Xu","2015","http://link.springer.com/chapter/10.1007/978-3-319-14445-0_31","Chapter"
"Music Recommender According to the User Current Mood","Proceedings of the Future Technologies Conference (FTC) 2018","","","","10.1007/978-3-030-02686-8_61","Murtadha Al-Maliki","2019","http://link.springer.com/chapter/10.1007/978-3-030-02686-8_61","Chapter"
"Cluster-based quotas for fairness improvements in music recommendation systems","International Journal of Multimedia Information Retrieval","","10","1","10.1007/s13735-020-00203-0","Bruna Wundervald","2021","http://link.springer.com/article/10.1007/s13735-020-00203-0","Article"
"A collaborative situation-aware scheme based on an emergent paradigm for mobile resource recommenders","Journal of Ambient Intelligence and Humanized Computing","","4","4","10.1007/s12652-012-0126-y","Giovanna CastellanoMario G. C. A. CiminoAnna Maria FanelliBeatrice LazzeriniFrancesco MarcelloniMaria Alessandra Torsello","2013","http://link.springer.com/article/10.1007/s12652-012-0126-y","Article"
"Recommendation over time: a probabilistic model of time-aware recommender systems","Science China Information Sciences","","62","11","10.1007/s11432-018-9915-8","Zuoquan LinHanxuan Chen","2019","http://link.springer.com/article/10.1007/s11432-018-9915-8","Article"
"Recommendation of Songs in Music Streaming Services: Dealing with Sparsity and Gray Sheep Problems","Trends in Cyber-Physical Multi-Agent Systems. The PAAMS Collection - 15th International Conference, PAAMS 2017","","","","10.1007/978-3-319-61578-3_21","Diego Sánchez-MorenoAna B. Gil GonzálezM. Dolores Muñoz VicenteVivian López BatistaMaría N. Moreno-García","2018","http://link.springer.com/chapter/10.1007/978-3-319-61578-3_21","Chapter"
"Affective Music Information Retrieval","Emotions and Personality in Personalized Services","","","","10.1007/978-3-319-31413-6_12","Ju-Chiang WangYi-Hsuan YangHsin-Min Wang","2016","http://link.springer.com/chapter/10.1007/978-3-319-31413-6_12","Chapter"
"Culture-Aware Approaches to Modeling and Description of Intonation Using Multimodal Data","Knowledge Engineering and Knowledge Management","","","","10.1007/978-3-319-17966-7_30","Gopala Krishna Koduri","2015","http://link.springer.com/chapter/10.1007/978-3-319-17966-7_30","Chapter"
"Time- and Location-Sensitive Recommender Systems","Recommender Systems","","","","10.1007/978-3-319-29659-3_9","Charu C. Aggarwal","2016","http://link.springer.com/chapter/10.1007/978-3-319-29659-3_9","Chapter"
"Multimedia Recommendation and Delivery Strategies","Data Management in Pervasive Systems","","","","10.1007/978-3-319-20062-0_16","Ruggero G. PensaAntonio PentaMaria Luisa Sapino","2015","http://link.springer.com/chapter/10.1007/978-3-319-20062-0_16","Chapter"
"Emotion-Aware Music Recommendation","Design, User Experience, and Usability: Novel User Experiences","","","","10.1007/978-3-319-40355-7_11","Jinhyeok YangWooJoung ChaeSunYeob KimHyebong Choi","2016","http://link.springer.com/chapter/10.1007/978-3-319-40355-7_11","Chapter"
"#Nowplaying on #Spotify: Leveraging Spotify Information on Twitter for Artist Recommendations","Current Trends in Web Engineering","","","","10.1007/978-3-319-24800-4_14","Martin PichlEva ZangerleGünther Specht","2015","http://link.springer.com/chapter/10.1007/978-3-319-24800-4_14","Chapter"
"Incorporating context into recommender systems: an empirical comparison of context-based approaches","Electronic Commerce Research","","12","1","10.1007/s10660-012-9087-7","Umberto PannielloMichele Gorgoglione","2012","http://link.springer.com/article/10.1007/s10660-012-9087-7","Article"
"Location-Aware News Recommendation Using Deep Localized Semantic Analysis","Database Systems for Advanced Applications","","","","10.1007/978-3-319-55753-3_32","Cheng ChenThomas LukasiewiczXiangwu MengZhenghua Xu","2017","http://link.springer.com/chapter/10.1007/978-3-319-55753-3_32","Chapter"
"A systematic mapping on adaptive recommender approaches for ubiquitous environments","Computing","","100","2","10.1007/s00607-017-0572-7","Guilherme M. MachadoVinicius MaranLorayne P. DornellesIsabela GaspariniLucinéia H. ThomJosé Palazzo M. de Oliveira","2018","http://link.springer.com/article/10.1007/s00607-017-0572-7","Article"
"Ontology-Based Music Recommender System","Distributed Computing and Artificial Intelligence, 12th International Conference","","","","10.1007/978-3-319-19638-1_5","Miguel Ángel Rodríguez-GarcíaLuis Omar Colombo-MendozaRafael Valencia-GarcíaAntonio A. Lopez-LorcaGhassan Beydoun","2015","http://link.springer.com/chapter/10.1007/978-3-319-19638-1_5","Chapter"
"Research for Personalized Recommendation of Learning Resource in Mobile Computing Context","Advanced Multimedia and Ubiquitous Engineering","","","","10.1007/978-3-662-47487-7_44","Lina YangYi Yang","2015","http://link.springer.com/chapter/10.1007/978-3-662-47487-7_44","Chapter"
"A Recommendation System for Browsing of Multimedia Collections in the Internet of Things","Internet of Things and Inter-cooperative Computational Technologies for Collective Intelligence","","","","10.1007/978-3-642-34952-2_16","F. AmatoA. MazzeoV. MoscatoA. Picariello","2013","http://link.springer.com/chapter/10.1007/978-3-642-34952-2_16","Chapter"
"Towards a Personalised and Context-Dependent User Experience in Multimedia and Information Systems","Information Systems and Management in Media and Entertainment Industries","","","","10.1007/978-3-319-49407-4_8","Matevž PesekGregor StrleJože GunaEmilija StojmenovaMatevž PogačnikMatija Marolt","2016","http://link.springer.com/chapter/10.1007/978-3-319-49407-4_8","Chapter"
"An Automation Component for Cross-Platform, Context-Aware Applications Development","Modeling and Using Context","","","","10.1007/978-3-319-25591-0_5","Achilleas P. AchilleosMarita ThomaGeorgia M. KapitsakiChristos MettourisGeorge A. Papadopoulos","2015","http://link.springer.com/chapter/10.1007/978-3-319-25591-0_5","Chapter"
"Social Context-Based Movie Recommendation: A Case Study on MyMovieHistory","Context-Aware Systems and Applications","","","","10.1007/978-3-319-05939-6_33","Yong Seung LeeXuan Hau PhamDuc Nguyen TrungJason J. JungHien T. Nguyen","2014","http://link.springer.com/chapter/10.1007/978-3-319-05939-6_33","Chapter"
"A Cascade-Hybrid Music Recommender System for mobile services based on musical genre classification and personality diagnosis","Multimedia Tools and Applications","","59","1","10.1007/s11042-011-0742-0","Aristomenis S. LampropoulosParaskevi S. LampropoulouGeorge A. Tsihrintzis","2012","http://link.springer.com/article/10.1007/s11042-011-0742-0","Article"
"Improving recommender systems by encoding items and user profiles considering the order in their consumption history","Progress in Artificial Intelligence","","9","1","10.1007/s13748-019-00199-7","Pablo Pérez-NúñezOscar LuacesAntonio BahamondeJorge Díez","2020","http://link.springer.com/article/10.1007/s13748-019-00199-7","Article"
"Recommendations Based on Social Links","Social Information Access","","","","10.1007/978-3-319-90092-6_11","Danielle LeePeter Brusilovsky","2018","http://link.springer.com/chapter/10.1007/978-3-319-90092-6_11","Chapter"
"Conclusion and Future Work","Sequential Decision-Making in Musical Intelligence","","","","10.1007/978-3-030-30519-2_9","Elad Liebman","2020","http://link.springer.com/chapter/10.1007/978-3-030-30519-2_9","Chapter"
"Proposal for a VoD Service Supported in a Context-Based Architecture","Telematics and Computing","","","","10.1007/978-3-030-03763-5_7","Gabriel E. Chanchí G.Wilmar Y. Campo M.Jose L. Arciniegas H.","2018","http://link.springer.com/chapter/10.1007/978-3-030-03763-5_7","Chapter"
"Solving the Cold-Start Problem in Recommender Systems Using Contextual Information in Arabic from Calendars","Arabian Journal for Science and Engineering","","45","12","10.1007/s13369-020-04890-z","Nuha AlghamdiFatmah Assiri","2020","http://link.springer.com/article/10.1007/s13369-020-04890-z","Article"
"Conclusion and Future Work","Multimodal Analysis of User-Generated Multimedia Content","","","","10.1007/978-3-319-61807-4_8","Rajiv ShahRoger Zimmermann","2017","http://link.springer.com/chapter/10.1007/978-3-319-61807-4_8","Chapter"
"Situation-aware Music Therapy Service Recommendation System: Design and Implementation","2011 International Conference in Electrics, Communication and Automatic Control Proceedings","","","","10.1007/978-1-4419-8849-2_8","Ching-Ping TsaiChi-Hua ChenHsu-Yang KungTing-Huan KuoChun-Hao Lin","2012","http://link.springer.com/chapter/10.1007/978-1-4419-8849-2_8","Chapter"
"Using recommender systems to improve proactive modeling","Software and Systems Modeling","","","","10.1007/s10270-020-00841-2","Arvind NairXia NingJames H. Hill","2021","http://link.springer.com/article/10.1007/s10270-020-00841-2","Article"
"Exploiting Pre-Trained Network Embeddings for Recommendations in Social Networks","Journal of Computer Science and Technology","","33","4","10.1007/s11390-018-1849-9","Lei GuoYu-Fei WenXin-Hua Wang","2018","http://link.springer.com/article/10.1007/s11390-018-1849-9","Article"
"Recommendation Systems for Interactive Multimedia Entertainment","Data Visualization and Knowledge Engineering","","","","10.1007/978-3-030-25797-2_2","Shilpi AggarwalDipanjan GoswamiMadhurima HoodaAmirta ChakravartyArpan KarVasudha","2020","http://link.springer.com/chapter/10.1007/978-3-030-25797-2_2","Chapter"
"A Semantically Enhanced Tag-Based Music Recommendation Using Emotion Ontology","Intelligent Information and Database Systems","","","","10.1007/978-3-642-36543-0_13","Hyon Hee Kim","2013","http://link.springer.com/chapter/10.1007/978-3-642-36543-0_13","Chapter"
"Application of Recommendation Systems Based on Deep Learning","Recent Challenges in Intelligent Information and Database Systems","","","","10.1007/978-981-16-1685-3_8","Li HaimingWang KailiSun YunyunMou Xuefeng","2021","http://link.springer.com/chapter/10.1007/978-981-16-1685-3_8","Chapter"
"A case study for intelligent event recommendation","International Journal of Data Science and Analytics","","5","4","10.1007/s41060-018-0120-3","Mahsa BadamiFaezeh TafazzoliOlfa Nasraoui","2018","http://link.springer.com/article/10.1007/s41060-018-0120-3","Article"
"Soundtrack Recommendation for UGVs","Multimodal Analysis of User-Generated Multimedia Content","","","","10.1007/978-3-319-61807-4_5","Rajiv ShahRoger Zimmermann","2017","http://link.springer.com/chapter/10.1007/978-3-319-61807-4_5","Chapter"
"A Behavior-Item Based Hybrid Intention-Aware Frame for Sequence Recommendation","Advances in E-Business Engineering for Ubiquitous Computing","","","","10.1007/978-3-030-34986-8_42","Yan ChenJiangwei ZengHaiping ZhuFeng TianYu LiuQidong LiuQinghua Zheng","2020","http://link.springer.com/chapter/10.1007/978-3-030-34986-8_42","Chapter"
"Inferring user interests in microblogging social networks: a survey","User Modeling and User-Adapted Interaction","","28","3","10.1007/s11257-018-9207-8","Guangyuan PiaoJohn G. Breslin","2018","http://link.springer.com/article/10.1007/s11257-018-9207-8","Article"
"Benchmarking News Recommendations in a Living Lab","Information Access Evaluation. Multilinguality, Multimodality, and Interaction","","","","10.1007/978-3-319-11382-1_21","Frank HopfgartnerBenjamin KilleAndreas LommatzschTill PlumbaumTorben BrodtTobias Heintz","2014","http://link.springer.com/chapter/10.1007/978-3-319-11382-1_21","Chapter"
"Music and Healthcare Recommendation Systems","Recommender Systems for Medicine and Music","","","","10.1007/978-3-030-66450-3_12","Mariusz KlećAlicja Wieczorkowska","2021","http://link.springer.com/chapter/10.1007/978-3-030-66450-3_12","Chapter"
"Design for Valuable Experience","Design for Experience","","","","10.1007/978-3-319-14304-0_6","Jinwoo Kim","2015","http://link.springer.com/chapter/10.1007/978-3-319-14304-0_6","Chapter"
"Affective and Personality Corpora","Emotions and Personality in Personalized Services","","","","10.1007/978-3-319-31413-6_9","Ante OdićAndrej KoširMarko Tkalčič","2016","http://link.springer.com/chapter/10.1007/978-3-319-31413-6_9","Chapter"
"Fusing Web and Audio Predictors to Localize the Origin of Music Pieces for Geospatial Retrieval","Advances in Information Retrieval","","","","10.1007/978-3-319-30671-1_24","Markus SchedlFang Zhou","2016","http://link.springer.com/chapter/10.1007/978-3-319-30671-1_24","Chapter"
"Bayesian Networks-Based Interval Training Guidance System for Cancer Rehabilitation","Mobile Computing, Applications, and Services","","","","10.1007/978-3-642-12607-9_16","Myung-kyung SuhKyujoong LeeAlfred HeuAni NahapetianMajid Sarrafzadeh","2010","http://link.springer.com/chapter/10.1007/978-3-642-12607-9_16","Chapter"
"Lyric-Based Music Recommendation","Complex Networks VII","","","","10.1007/978-3-319-30569-1_23","Derek GossiMehmet H. Gunes","2016","http://link.springer.com/chapter/10.1007/978-3-319-30569-1_23","Chapter"
"Hybrid system for video game recommendation based on implicit ratings and social networks","Journal of Ambient Intelligence and Humanized Computing","","11","11","10.1007/s12652-020-01681-0","Javier Pérez-MarcosLucía Martín-GómezDiego M. Jiménez-BravoVivian F. LópezMaría N. Moreno-García","2020","http://link.springer.com/article/10.1007/s12652-020-01681-0","Article"
"CBR Tagging of Emotions from Facial Expressions","Case-Based Reasoning Research and Development","","","","10.1007/978-3-319-11209-1_18","Paloma Lopez-de-ArenosaBelén Díaz-AgudoJuan A. Recio-García","2014","http://link.springer.com/chapter/10.1007/978-3-319-11209-1_18","Chapter"
"Applications","Mobile Big Data","","","","10.1007/978-3-319-96116-3_5","Xiang ChengLuoyang FangLiuqing YangShuguang Cui","2018","http://link.springer.com/chapter/10.1007/978-3-319-96116-3_5","Chapter"
"Mining social networks for local search and location-based recommender systems","Personal and Ubiquitous Computing","","23","2","10.1007/s00779-019-01241-0","Fabio GasparettiDamianos GavalasSergio IlarriFrancesco RicciZhiwen Yu","2019","http://link.springer.com/article/10.1007/s00779-019-01241-0","Article"
"ART: group recommendation approaches for automatically detected groups","International Journal of Machine Learning and Cybernetics","","6","6","10.1007/s13042-015-0371-4","Ludovico BorattoSalvatore Carta","2015","http://link.springer.com/article/10.1007/s13042-015-0371-4","Article"
"A Music Recommendation Method with Emotion Recognition Using Ranked Attributes","Computer Science and its Applications","","","","10.1007/978-3-662-45402-2_151","So-Hyun ParkSun-Young IhmWu-In JangAziz NasridinovYoung-Ho Park","2015","http://link.springer.com/chapter/10.1007/978-3-662-45402-2_151","Chapter"
"Exploiting User Movements to Derive Recommendations in Large Facilities","Distributed Computing and Artificial Intelligence, Special Sessions, 15th International Conference","","","","10.1007/978-3-319-99608-0_14","Jürgen DunkelRamón HermosoFlorian Rückauf","2019","http://link.springer.com/chapter/10.1007/978-3-319-99608-0_14","Chapter"
"dbrec — Music Recommendations Using DBpedia","The Semantic Web – ISWC 2010","","","","10.1007/978-3-642-17749-1_14","Alexandre Passant","2010","http://link.springer.com/chapter/10.1007/978-3-642-17749-1_14","Chapter"
"An approach of genetic programming for music emotion classification","International Journal of Control, Automation and Systems","","11","6","10.1007/s12555-012-9407-7","Sung-Woo BangJaekwang KimJee-Hyong Lee","2013","http://link.springer.com/article/10.1007/s12555-012-9407-7","Article"
"Deciphering the frozen music in building architecture and vice-versa process","Multimedia Tools and Applications","","79","19 - 20","10.1007/s11042-019-08316-3","Anu SendhilMuthukkumaran K.Punniyamoorthy M.Veerapandian S. A.Sangeetha G.","2020","http://link.springer.com/article/10.1007/s11042-019-08316-3","Article"
"Hybrid music information retrieval","International Journal of Multimedia Information Retrieval","","2","1","10.1007/s13735-013-0033-9","Peter KneesMarkus SchedlÒscar Celma","2013","http://link.springer.com/article/10.1007/s13735-013-0033-9","Article"
"On the Influence of User Characteristics on Music Recommendation Algorithms","Advances in Information Retrieval","","","","10.1007/978-3-319-16354-3_37","Markus SchedlDavid HaugerKatayoun FarrahiMarko Tkalčič","2015","http://link.springer.com/chapter/10.1007/978-3-319-16354-3_37","Chapter"
"Unknown but interesting recommendation using social penetration","Soft Computing","","23","16","10.1007/s00500-018-3371-y","Jen-Wei HuangHao-Shang MaChih-Chin ChungZhi-Jia Jian","2019","http://link.springer.com/article/10.1007/s00500-018-3371-y","Article"
"Ontology-Based Identification of Music for Places","Information and Communication Technologies in Tourism 2013","","","","10.1007/978-3-642-36309-2_37","Marius KaminskasIgnacio Fernández-TobíasIván CantadorFrancesco Ricci","2013","http://link.springer.com/chapter/10.1007/978-3-642-36309-2_37","Chapter"
"Context-aware recommendation in mobile environments: An approach based on interest resonance","Wuhan University Journal of Natural Sciences","","17","5","10.1007/s11859-012-0861-0","Deqiang CaoWenhui NieRuiyuan LiZhihao LiTian WangCheng Zeng","2012","http://link.springer.com/article/10.1007/s11859-012-0861-0","Article"
"User-Centric vs. System-Centric Evaluation of Recommender Systems","Human-Computer Interaction – INTERACT 2013","","","","10.1007/978-3-642-40477-1_21","Paolo CremonesiFranca GarzottoRoberto Turrin","2013","http://link.springer.com/chapter/10.1007/978-3-642-40477-1_21","Chapter"
"Exploring Perception Uncertainty for Emotion Recognition in Dyadic Conversation and Music Listening","Cognitive Computation","","13","2","10.1007/s12559-019-09694-4","Jing HanZixing ZhangZhao RenBjörn Schuller","2021","http://link.springer.com/article/10.1007/s12559-019-09694-4","Article"
"Literature Review","Multimodal Analysis of User-Generated Multimedia Content","","","","10.1007/978-3-319-61807-4_2","Rajiv ShahRoger Zimmermann","2017","http://link.springer.com/chapter/10.1007/978-3-319-61807-4_2","Chapter"
"Compact feature subset-based multi-label music categorization for mobile devices","Multimedia Tools and Applications","","78","4","10.1007/s11042-018-6100-8","Jaesung LeeWangduk SeoJin-Hyeong ParkDae-Won Kim","2019","http://link.springer.com/article/10.1007/s11042-018-6100-8","Article"
"A Music Recommender Based on Artificial Immune Systems","Intelligent Interactive Multimedia Systems and Services","","","","10.1007/978-3-642-14619-0_17","Aristomenis S. LampropoulosDionysios N. SotiropoulosGeorge A. Tsihrintzis","2010","http://link.springer.com/chapter/10.1007/978-3-642-14619-0_17","Chapter"
"Sample Identification in Hip Hop Music","From Sounds to Music and Emotions","","","","10.1007/978-3-642-41248-6_16","Jan Van BalenJoan SerràMartín Haro","2013","http://link.springer.com/chapter/10.1007/978-3-642-41248-6_16","Chapter"
"Enabling Cross-Platform Mobile Application Development: A Context-Aware Middleware","Web Information Systems Engineering – WISE 2014","","","","10.1007/978-3-319-11746-1_22","Achilleas P. AchilleosGeorgia M. Kapitsaki","2014","http://link.springer.com/chapter/10.1007/978-3-319-11746-1_22","Chapter"
"Harvesting and Structuring Social Data in Music Information Retrieval","The Semantic Web: Trends and Challenges","","","","10.1007/978-3-319-07443-6_55","Sergio Oramas","2014","http://link.springer.com/chapter/10.1007/978-3-319-07443-6_55","Chapter"
"GeniUS: Generic User Modeling Library for the Social Semantic Web","The Semantic Web","","","","10.1007/978-3-642-29923-0_11","Qi GaoFabian AbelGeert-Jan Houben","2012","http://link.springer.com/chapter/10.1007/978-3-642-29923-0_11","Chapter"
"Tensor semantic model for an audio classification system","Science China Information Sciences","","56","6","10.1007/s11432-013-4821-x","Ling XingQiang MaMin Zhu","2013","http://link.springer.com/article/10.1007/s11432-013-4821-x","Article"
"Social Influence-Based Similarity Measures for User-User Collaborative Filtering Applied to Music Recommendation","Distributed Computing and Artificial Intelligence, Special Sessions, 15th International Conference","","","","10.1007/978-3-319-99608-0_30","Diego Sánchez-MorenoJavier Pérez-MarcosAna B. Gil GonzálezVivian López BatistaMaría N. Moreno-García","2019","http://link.springer.com/chapter/10.1007/978-3-319-99608-0_30","Chapter"
"The Unfairness of Popularity Bias in Music Recommendation: A Reproducibility Study","Advances in Information Retrieval","","","","10.1007/978-3-030-45442-5_5","Dominik KowaldMarkus SchedlElisabeth Lex","2020","http://link.springer.com/chapter/10.1007/978-3-030-45442-5_5","Chapter"
"Top multimedia information retrieval papers","International Journal of Multimedia Information Retrieval","","5","3","10.1007/s13735-016-0108-5","Michael S. Lew","2016","http://link.springer.com/article/10.1007/s13735-016-0108-5","Article"
"Music and Stress","Journal of Adult Development","","18","2","10.1007/s10804-010-9117-4","Nechama Yehuda","2011","http://link.springer.com/article/10.1007/s10804-010-9117-4","Article"
"An Online Environment to Compare Students’ and Expert Solutions to Ill-Structured Problems","Learning and Collaboration Technologies. Learning and Teaching","","","","10.1007/978-3-319-91152-6_23","Vishrant K. GuptaPhilippe J. GiabbanelliAndrew A. Tawfik","2018","http://link.springer.com/chapter/10.1007/978-3-319-91152-6_23","Chapter"
"Hybrid bio-inspired user clustering for the generation of diversified recommendations","Neural Computing and Applications","","32","7","10.1007/s00521-019-04128-6","R. LogeshV. SubramaniyaswamyV. VijayakumarXiao-Zhi GaoGai-Ge Wang","2020","http://link.springer.com/article/10.1007/s00521-019-04128-6","Article"
"Handling Preferences","Group Recommender Systems","","","","10.1007/978-3-319-75067-5_5","Alexander FelfernigLudovico BorattoMartin StettingerMarko Tkalčič","2018","http://link.springer.com/chapter/10.1007/978-3-319-75067-5_5","Chapter"
"Architecture of a Context Aware Framework for Automated Mobile Device Configuration","Grid and Pervasive Computing","","","","10.1007/978-3-642-38027-3_32","Md. Fazla Rabbi OpuEmon BiswasMansura HabibaCheonshik Kim","2013","http://link.springer.com/chapter/10.1007/978-3-642-38027-3_32","Chapter"
"Knowledge recommendation for product development using integrated rough set-information entropy correction","Journal of Intelligent Manufacturing","","31","6","10.1007/s10845-020-01534-9","Zhenyong WuLina HeYuan WangMark GohXinguo Ming","2020","http://link.springer.com/article/10.1007/s10845-020-01534-9","Article"
"Tracommender – Exploiting Continuous Background Tracking Information on Smartphones for Location-Based Recommendations","Mobile Wireless Middleware, Operating Systems, and Applications","","","","10.1007/978-3-642-36660-4_18","Yang WangAbdulbaki UzunUlrich BarethAxel Küpper","2013","http://link.springer.com/chapter/10.1007/978-3-642-36660-4_18","Chapter"
"Ontology-Based Modeling of Context-Aware Systems","Model-Driven Engineering Languages and Systems","","","","10.1007/978-3-319-11653-2_30","Daniel LüddeckeNina BergmannIna Schaefer","2014","http://link.springer.com/chapter/10.1007/978-3-319-11653-2_30","Chapter"
"Phrase-based hashtag recommendation for microblog posts","Science China Information Sciences","","60","1","10.1007/s11432-015-0900-x","Yeyun GongQi ZhangXiaoying HanXuanjing Huang","2016","http://link.springer.com/article/10.1007/s11432-015-0900-x","Article"
"A fine-grained social network recommender system","Social Network Analysis and Mining","","10","1","10.1007/s13278-019-0621-7","Markos AivazoglouAntonios O. RoussosDionisis MargarisCostas VassilakisSotiris IoannidisJason PolakisDimitris Spiliotopoulos","2019","http://link.springer.com/article/10.1007/s13278-019-0621-7","Article"
"What and where: A context-based recommendation system for object insertion","Computational Visual Media","","6","1","10.1007/s41095-020-0158-8","Song-Hai ZhangZheng-Ping ZhouBin LiuXi DongPeter Hall","2020","http://link.springer.com/article/10.1007/s41095-020-0158-8","Article"
"A location-aware TV show recommendation with localized sementaic analysis","Multimedia Systems","","22","4","10.1007/s00530-015-0451-z","Fanglin WangDaguang LiMingliang Xu","2016","http://link.springer.com/article/10.1007/s00530-015-0451-z","Article"
"Image hub explorer: evaluating representations and metrics for content-based image retrieval and object recognition","Multimedia Tools and Applications","","74","24","10.1007/s11042-014-2254-1","Nenad TomaševDunja Mladenić","2015","http://link.springer.com/article/10.1007/s11042-014-2254-1","Article"
"An Ontology-Based Recommender System Architecture for Semantic Searches in Vehicles Sales Portals","Hybrid Artificial Intelligence Systems","","","","10.1007/978-3-319-07617-1_47","Fábio A. P. de PaivaJosé Alfredo F. CostaCláudio R. M. Silva","2014","http://link.springer.com/chapter/10.1007/978-3-319-07617-1_47","Chapter"
"Cross-system user modeling and personalization on the Social Web","User Modeling and User-Adapted Interaction","","23","2 - 3","10.1007/s11257-012-9131-2","Fabian AbelEelco HerderGeert-Jan HoubenNicola HenzeDaniel Krause","2013","http://link.springer.com/article/10.1007/s11257-012-9131-2","Article"
"A Study of the Similarities of Entity Embeddings Learned from Different Aspects of a Knowledge Base for Item Recommendations","The Semantic Web: ESWC 2018 Satellite Events","","","","10.1007/978-3-319-98192-5_52","Guangyuan PiaoJohn G. Breslin","2018","http://link.springer.com/chapter/10.1007/978-3-319-98192-5_52","Chapter"
"Looking for “Good” Recommendations: A Comparative Evaluation of Recommender Systems","Human-Computer Interaction – INTERACT 2011","","","","10.1007/978-3-642-23765-2_11","Paolo CremonesiFranca GarzottoSara NegroAlessandro Vittorio PapadopoulosRoberto Turrin","2011","http://link.springer.com/chapter/10.1007/978-3-642-23765-2_11","Chapter"
"Furniture style compatibility recommendation with cross-class triplet loss","Multimedia Tools and Applications","","78","3","10.1007/s11042-018-5747-5","Tse-Yu PanYi-Zhu DaiMin-Chun HuWen-Huang Cheng","2019","http://link.springer.com/article/10.1007/s11042-018-5747-5","Article"
"A systematic review and taxonomy of explanations in decision support and recommender systems","User Modeling and User-Adapted Interaction","","27","3 - 5","10.1007/s11257-017-9195-0","Ingrid NunesDietmar Jannach","2017","http://link.springer.com/article/10.1007/s11257-017-9195-0","Article"
"Coupling Multiple Views of Relations for Recommendation","Advances in Knowledge Discovery and Data Mining","","","","10.1007/978-3-319-18032-8_57","Bin FuGuandong XuLongbing CaoZhihai WangZhiang Wu","2015","http://link.springer.com/chapter/10.1007/978-3-319-18032-8_57","Chapter"
"On the Paradigm Shift of Search on Mobile Devices: Some Remarks on User Habits","HCI in Work and Learning, Life and Leisure","","","","10.1007/978-3-642-16607-5_35","Marcus BloiceMarkus KreuzthalerKlaus-Martin SimonicAndreas Holzinger","2010","http://link.springer.com/chapter/10.1007/978-3-642-16607-5_35","Chapter"
"Effects of Conscientiousness on Users’ Eye-Movement Behaviour with Recommender Interfaces","HCI in Business, Government and Organizations. eCommerce and Consumer Behavior","","","","10.1007/978-3-030-22335-9_25","Lin ZhangHeshan Liu","2019","http://link.springer.com/chapter/10.1007/978-3-030-22335-9_25","Chapter"
"A comprehensive study on mid-level representation and ensemble learning for emotional analysis of video material","Multimedia Tools and Applications","","76","9","10.1007/s11042-016-3618-5","Esra AcarFrank HopfgartnerSahin Albayrak","2017","http://link.springer.com/article/10.1007/s11042-016-3618-5","Article"
"Special issue on emerging multimedia applications","Multimedia Tools and Applications","","47","3","10.1007/s11042-009-0428-z","Han-Chieh ChaoSajid HussainShu-Ching ChenWilliam I. Grosky","2010","http://link.springer.com/article/10.1007/s11042-009-0428-z","Article"
"Real-time multimedia computing","Multimedia Tools and Applications","","65","2","10.1007/s11042-013-1428-6","SooKyun KimHenry DuhNabil J. SarhanVladimir Hahanov","2013","http://link.springer.com/article/10.1007/s11042-013-1428-6","Article"
"Neural information retrieval: introduction to the special issue","Information Retrieval Journal","","21","2 - 3","10.1007/s10791-017-9323-9","Nick CraswellW. Bruce CroftMaarten de RijkeJiafeng GuoBhaskar Mitra","2018","http://link.springer.com/article/10.1007/s10791-017-9323-9","Article"
"User Adaptivity in Smart Workplaces","Intelligent Information and Database Systems","","","","10.1007/978-3-642-28490-8_42","Peter Mikulecky","2012","http://link.springer.com/chapter/10.1007/978-3-642-28490-8_42","Chapter"
"Feature-Aware Factorised Collaborative Filtering","AI 2016: Advances in Artificial Intelligence","","","","10.1007/978-3-319-50127-7_50","Farhad ZafariIrene Moser","2016","http://link.springer.com/chapter/10.1007/978-3-319-50127-7_50","Chapter"
"A collaborative filtering framework for friends recommendation in social networks based on interaction intensity and adaptive user similarity","Social Network Analysis and Mining","","3","3","10.1007/s13278-012-0083-7","Vinti AgarwalK. K. Bharadwaj","2013","http://link.springer.com/article/10.1007/s13278-012-0083-7","Article"
"People, Technologies, and Organizations Interactions in a Social Commerce Era","Proceeding of the International Conference on Computer Networks, Big Data and IoT (ICCBI - 2018)","","","","10.1007/978-3-030-24643-3_98","Maruti MauryaMilind Gayakwad","2020","http://link.springer.com/chapter/10.1007/978-3-030-24643-3_98","Chapter"
"Towards Deeper Understanding of User Experience with Ubiquitous Computing Systems: Systematic Literature Review and Design Framework","Human-Computer Interaction – INTERACT 2015","","","","10.1007/978-3-319-22698-9_26","Kaisa Väänänen-Vainio-MattilaThomas OlssonJonna Häkkilä","2015","http://link.springer.com/chapter/10.1007/978-3-319-22698-9_26","Chapter"
"Towards high-level fuzzy control specifications for building automation systems","Software and Systems Modeling","","19","3","10.1007/s10270-019-00755-8","Juan C. VidalPaulo CarreiraVasco AmaralJoao AguiamJoão Sousa","2020","http://link.springer.com/article/10.1007/s10270-019-00755-8","Article"
"Friends Recommendations in Dynamic Social Networks","Encyclopedia of Social Network Analysis and Mining","","","","10.1007/978-1-4614-7163-9_384-1","Vinti AgarwalK. K. Bharadwaj","2018","http://link.springer.com/referenceworkentry/10.1007/978-1-4614-7163-9_384-1","ReferenceWorkEntry"
"Friends Recommendations in Dynamic Social Networks","Encyclopedia of Social Network Analysis and Mining","","","","10.1007/978-1-4614-6170-8_384","Vinti AgarwalK. K. Bharadwaj","2014","http://link.springer.com/referenceworkentry/10.1007/978-1-4614-6170-8_384","ReferenceWorkEntry"
"Friends Recommendations in Dynamic Social Networks","Encyclopedia of Social Network Analysis and Mining","","","","10.1007/978-1-4939-7131-2_384","Vinti AgarwalK. K. Bharadwaj","2018","http://link.springer.com/referenceworkentry/10.1007/978-1-4939-7131-2_384","ReferenceWorkEntry"
"Special issue: pervasive computing meets reality","Cluster Computing","","13","2","10.1007/s10586-010-0127-6","Bin Hu","2010","http://link.springer.com/article/10.1007/s10586-010-0127-6","Article"
"Preferences in artificial intelligence","Annals of Mathematics and Artificial Intelligence","","77","3 - 4","10.1007/s10472-015-9475-5","Gabriella PigozziAlexis TsoukiàsPaolo Viappiani","2016","http://link.springer.com/article/10.1007/s10472-015-9475-5","Article"
"Gaze Behavioral Adaptation Towards Group Members for Providing Effective Recommendations","Social Robotics","","","","10.1007/978-3-319-70022-9_23","Silvia RossiPasquale D’Alterio","2017","http://link.springer.com/chapter/10.1007/978-3-319-70022-9_23","Chapter"
"Mothering Tongues: Anthropological Perspectives on Language and the Mother-Infant Nexus","The Mother-Infant Nexus in Anthropology","","","","10.1007/978-3-030-27393-4_8","Sallie Han","2020","http://link.springer.com/chapter/10.1007/978-3-030-27393-4_8","Chapter"
"Combining a Co-occurrence-Based and a Semantic Measure for Entity Linking","The Semantic Web: Semantics and Big Data","","","","10.1007/978-3-642-38288-8_37","Bernardo Pereira NunesStefan DietzeMarco Antonio CasanovaRicardo KawaseBesnik FetahuWolfgang Nejdl","2013","http://link.springer.com/chapter/10.1007/978-3-642-38288-8_37","Chapter"
"Unpacking the Inherent Design Principles of Mobile Microlearning","Technology, Knowledge and Learning","","25","3","10.1007/s10758-019-09413-w","Isa JahnkeYen-Mei LeeMinh PhamHao HeLinda Austin","2020","http://link.springer.com/article/10.1007/s10758-019-09413-w","Article"
"Understanding User Interests Acquisition in Personalized Online Course Recommendation","Web and Big Data","","","","10.1007/978-3-030-01298-4_20","Xiao LiTing WangHuaimin WangJintao Tang","2018","http://link.springer.com/chapter/10.1007/978-3-030-01298-4_20","Chapter"
"Development of Web Service for Japanese Text Triplification","New Generation Computing","","34","4","10.1007/s00354-016-0401-0","Takahiro KawamuraAkihiko Ohsuga","2016","http://link.springer.com/article/10.1007/s00354-016-0401-0","Article"
"Specification Patent Management for Web Application Platform Ecosystem","E-business Technology and Strategy","","","","10.1007/978-3-642-16397-5_25","Yoshiaki FukamiMasao IsshikiHideaki TakedaIkki OhmukaiJiro Kokuryo","2010","http://link.springer.com/chapter/10.1007/978-3-642-16397-5_25","Chapter"
"Point-of-Interest Group Recommendation with an Extreme Learning Machine","Proceedings of ELM 2018","","","","10.1007/978-3-030-23307-5_14","Zhen ZhangGuoren WangXiangguo Zhao","2020","http://link.springer.com/chapter/10.1007/978-3-030-23307-5_14","Chapter"
"Robust Content-Based Recommendation Distribution System with Gaussian Mixture Model","Advances in Computational Collective Intelligence","","","","10.1007/978-3-030-63119-2_17","Dat Nguyen VanVan Toan PhamTa Minh Thanh","2020","http://link.springer.com/chapter/10.1007/978-3-030-63119-2_17","Chapter"
"Suggesting Sounds for Images from Video Collections","Computer Vision – ECCV 2016 Workshops","","","","10.1007/978-3-319-48881-3_59","Matthias SolèrJean-Charles BazinOliver WangAndreas KrauseAlexander Sorkine-Hornung","2016","http://link.springer.com/chapter/10.1007/978-3-319-48881-3_59","Chapter"
"Action unit classification for facial expression recognition using active learning and SVM","Multimedia Tools and Applications","","","","10.1007/s11042-021-10836-w","Li YaoYan WanHongjie NiBugao Xu","2021","http://link.springer.com/article/10.1007/s11042-021-10836-w","Article"
"Prototype System Based on Heterogeneous Network","Heterogeneous Information Network Analysis and Applications","","","","10.1007/978-3-319-56212-4_8","Chuan ShiPhilip S. Yu","2017","http://link.springer.com/chapter/10.1007/978-3-319-56212-4_8","Chapter"
"Editor’s Note: Special Issue on Big Data Management and Intelligent Analytics","World Wide Web","","22","5","10.1007/s11280-019-00691-z","","2019","http://link.springer.com/article/10.1007/s11280-019-00691-z","Article"
"Predicting the Topic of Your Next Query for Just-In-Time IR","Advances in Information Retrieval","","","","10.1007/978-3-030-15712-8_17","Seyed Ali BahrainianFattane ZarrinkalamIda MeleFabio Crestani","2019","http://link.springer.com/chapter/10.1007/978-3-030-15712-8_17","Chapter"
"The Web Data Extracting and Application for Shop Online Based on Commodities Classified","Computing and Intelligent Systems","","","","10.1007/978-3-642-24091-1_26","Jianping DengFengwen CaoQuanyin ZhuYu Zhang","2011","http://link.springer.com/chapter/10.1007/978-3-642-24091-1_26","Chapter"
"Emotion Detection in Online Social Network Based on Multi-label Learning","Database Systems for Advanced Applications","","","","10.1007/978-3-319-55753-3_41","Xiao ZhangWenzhong LiSanglu Lu","2017","http://link.springer.com/chapter/10.1007/978-3-319-55753-3_41","Chapter"
"VIRTUAL-ME: A Library for Smart Autonomous Agents in Multiple Virtual Environments","Agent Technology for Intelligent Mobile Services and Smart Societies","","","","10.1007/978-3-662-46241-6_4","Roberta CastanoGiada DottoRossella SumaAndrea MartinaAndrea Bottino","2015","http://link.springer.com/chapter/10.1007/978-3-662-46241-6_4","Chapter"